"dataset","AA_estimate","A0_estimate","A1_estimate","AA_se","A0_se","A1_se","dataset.1","AA_estimate.1","A0_estimate.1","A1_estimate.1","AA_se.1","A0_se.1","A1_se.1"
2,0.185183751775411,0.133304370078098,0.223290593715121,0.19239696575565,0.177321360040359,0.0759083614130659,3,0.20198857605718,0.143986724972023,0.284759047488364,0.102378130053822,0.0590391506691789,0.0839703006831041
2,0.188595046888409,0.135096486615822,0.227261359484096,0.125013682911456,0.104546399615783,0.0700714528127967,3,0.199899669430553,0.131086960446025,0.28564723951013,0.105034863445636,0.0566527062130308,0.0885701229133312
2,0.200883867082995,0.136815196987383,0.23223625554935,0.167545239613745,0.146217723281106,0.0830579430197465,3,0.195204068755581,0.138799469728382,0.286717823576467,0.103532550351112,0.0582339984673442,0.0858641024912294
2,0.201754850113801,0.138842630805917,0.237921864856543,0.168517444149894,0.14587522364782,0.0853455360017988,3,0.199712265833939,0.140272666415852,0.28869716566244,0.108620092715964,0.0662468049196292,0.0858065709079966
2,0.20962269449377,0.154750679351617,0.233223167242508,0.195283987968452,0.174044107719124,0.0896405359518417,3,0.199046111243598,0.145589804299073,0.289307698651008,0.0972949483989695,0.0566856136724255,0.0793311169581112
2,0.170642741932361,0.127933005533529,0.214600470419315,0.13782867159265,0.115578774556555,0.0763248931404509,3,0.196209686847678,0.127389228295093,0.281738482876837,0.120327541084987,0.0676639568564697,0.0993658046801135
2,0.184869110861331,0.131399080650054,0.220658484135304,0.192466391959964,0.168054863504769,0.0945762919652652,3,0.195161177749651,0.129972011382026,0.28788867429347,0.0949587605942051,0.0558132370755927,0.0769005195270191
2,0.200158789713068,0.14750554191853,0.229074397818247,0.195648599298553,0.178787386911802,0.0807575384983787,3,0.198578993721768,0.13258353602897,0.283644688027254,0.104696059863997,0.0636210600653094,0.0831114274219756
2,0.193564079465053,0.142668469728377,0.226576622082472,0.147564914117454,0.128959745566844,0.0731202326545934,3,0.186914346173805,0.122765981853676,0.283062143417427,0.11166375068259,0.0629033262289805,0.0925197245885791
2,0.200770599987238,0.156123239526967,0.222826701684459,0.201201138982215,0.177455483057974,0.095877970637218,3,0.200651293456955,0.126721211028681,0.28616645150769,0.0999104046451404,0.0607489066770834,0.0795684307239314
2,0.185841228495191,0.13648497463546,0.216243080624142,0.143537216145421,0.125999490444649,0.0701854296640319,3,0.202641214014396,0.12789327011309,0.287672924788717,0.100653539397908,0.059197078355697,0.0816032292451561
2,0.198540782106102,0.132859440587954,0.224017336482783,0.160040907736086,0.146438769494998,0.0660474724993968,3,0.202412637012364,0.134576651833292,0.28702953308907,0.109741993390453,0.0659529159482236,0.0881055053833638
2,0.20263301212435,0.13040087747387,0.234649325930109,0.158810647383462,0.146860642923387,0.0621955543937025,3,0.206337060477923,0.141085384858689,0.287134137398516,0.100099310507439,0.0581168165640656,0.0816978205990233
2,0.193076468359486,0.142540224064649,0.220773096576833,0.155817096034528,0.134129182165507,0.0803161009007571,3,0.199344503923365,0.133056839797667,0.287360281772512,0.0993768573548132,0.0591021161095472,0.079847856093829
2,0.18838053855759,0.138521079134574,0.220436551320404,0.18255570165051,0.16019686513952,0.0886378751761129,3,0.19429092865415,0.130642356309592,0.281615375914244,0.103056682533976,0.0563962068670287,0.0864032323864486
2,0.204051324093909,0.134114914745945,0.241885133334045,0.195064739533531,0.175066438279928,0.0866609679032788,3,0.202111136881612,0.150614379435595,0.277887151923181,0.0942192041472286,0.0574516095935828,0.0749017789085842
2,0.194930291737109,0.134459230627451,0.238902447893317,0.166352420144746,0.15140978914966,0.0707230519412221,3,0.190830785684898,0.130513218276295,0.285638956596975,0.0892185371387856,0.0521856544823497,0.0723936148645129
2,0.184004548760196,0.144372622424545,0.21238822591742,0.145238920055791,0.120103538124319,0.0825460332351247,3,0.203352512602748,0.132945492336758,0.29008563255292,0.101861868593416,0.0603680788877042,0.0821876180261912
2,0.186116092582275,0.142859190127643,0.217439153962285,0.145912050088588,0.125610511590981,0.07536950151627,3,0.195817548657952,0.133869872091238,0.282009431512504,0.102294294315256,0.0632432811102878,0.0805376330924631
2,0.200700564532954,0.139753522904998,0.240343501020118,0.150388730327492,0.13198259046712,0.0738684404294518,3,0.200214161366576,0.1323276408603,0.282705888007066,0.0992705990209067,0.0557763645874703,0.0821803472051585
2,0.196472795029736,0.145139019558426,0.232918864818293,0.163863730013195,0.143068284583937,0.081137494648017,3,0.19911813477084,0.139636401079553,0.280335374624097,0.106581841742152,0.0612156878531926,0.087791423134256
2,0.182746549729888,0.131725070395262,0.221830899567727,0.136810659740119,0.116229135418402,0.0735548277789568,3,0.193018099445701,0.138867843868642,0.272460779408618,0.0955834654252983,0.05782316878805,0.0761659268515808
2,0.200812254394433,0.136635826294233,0.238417156065475,0.182341573467206,0.156524331823657,0.0946801567072346,3,0.202590720379302,0.134144179212825,0.292286282979019,0.104220800253265,0.0600928030303944,0.0858033054133521
2,0.198953064388807,0.132737005183096,0.224474902866045,0.153248080466031,0.132580344333019,0.078144711457265,3,0.213186304895577,0.141707700557646,0.29552944437441,0.10998164539296,0.0651992767473128,0.0884704791960015
2,0.182996423541302,0.13813849244372,0.210461076026324,0.147548192002179,0.118263829823145,0.0890714310173478,3,0.199832766654851,0.138892154959307,0.286721178815152,0.0979621792218733,0.0508003659052278,0.0837698283819123
2,0.193867437111123,0.132026155438183,0.22300326125185,0.138149465455766,0.116603228199947,0.0752460363761374,3,0.203435788965373,0.138375789650281,0.288647785151229,0.10875708157337,0.0568418129178132,0.0926755779938942
2,0.195781795232687,0.127249249780236,0.229542283349665,0.182478706675662,0.166327271396275,0.0764826341455076,3,0.20327296731965,0.144427208100812,0.280833593995852,0.104922986125994,0.0622987933801573,0.084400066168341
2,0.196023633168701,0.129158548482204,0.23656119505384,0.166353414613978,0.143225716482709,0.0860696126890578,3,0.198823290456018,0.135467820608748,0.285645767965895,0.103787275735815,0.0618770703102083,0.0836326842791999
2,0.169836632695486,0.118370295290101,0.218550758005168,0.121964897446805,0.0914770774419434,0.0819769695464029,3,0.203423231120559,0.139142879985844,0.292294578915978,0.100626828155383,0.0546884670206349,0.0845644167810391
2,0.188023180803978,0.133550397596336,0.226168986827139,0.160842758328265,0.142915615613898,0.0747990820312874,3,0.200878663977946,0.134618152834825,0.284821956245948,0.09971400331573,0.0619066720838397,0.0783737713067843
2,0.1891724877608,0.130028972681556,0.229424554217315,0.154037439152653,0.117690318790321,0.100405220314858,3,0.201212079440903,0.135060096795629,0.283685621223669,0.099936022763355,0.0534615411354405,0.084364940113236
2,0.178304073572547,0.130717055796249,0.218575166528742,0.137377822176245,0.0935502592522358,0.101597545616493,3,0.203426884310807,0.134542534814974,0.29649183973897,0.10443526568127,0.0604803402074543,0.0854311092941885
2,0.206594312023781,0.142793127784119,0.245524784182008,0.173323304935015,0.150291078798065,0.0876728509123802,3,0.196245606473108,0.127831993830982,0.27990877296548,0.09811177183282,0.0582811909625106,0.0791267342516623
2,0.195132524716739,0.137693844821493,0.227209960428528,0.172004607261114,0.150608499060634,0.084107150206513,3,0.196975234805344,0.129336440498928,0.282320565394566,0.103074667555259,0.0537209768169947,0.087828547493599
2,0.190404586015728,0.14754525915828,0.222308202470255,0.159429725028874,0.131249666017085,0.0917654726769812,3,0.201876161406676,0.13476152561527,0.289469412824284,0.0998741238036169,0.0650831903935067,0.0761023222602738
2,0.187162693786551,0.135135469842317,0.219928998885742,0.123183561258481,0.0983356073922887,0.075413261324326,3,0.202415061173827,0.13659904383895,0.292103414512806,0.102347663878638,0.0608857298785649,0.0825087404631156
2,0.190922755726405,0.139042313904624,0.224370515379064,0.2062559498711,0.174877389186573,0.109953316728969,3,0.196251662554901,0.131767123132869,0.281401163775021,0.104222732099882,0.0598948777907565,0.0853674578779357
2,0.204399809014761,0.150555273727657,0.247674296855138,0.254575102323673,0.226884007079929,0.116270349525688,3,0.197286410323568,0.132824574212728,0.292215606039393,0.101887874502993,0.0551954315469253,0.0857593665553939
2,0.203808883667457,0.150735564601394,0.235021149811575,0.179835751797325,0.16501263813393,0.0731503674238617,3,0.198160575293537,0.124714262349356,0.283701337160046,0.10569360987052,0.0647126867696025,0.0837800663975362
2,0.203743445165812,0.145683524612504,0.234952266419443,0.168591075153598,0.15324997439395,0.0719790814465036,3,0.203386305809874,0.138316637616297,0.289394670731252,0.101091785784051,0.0580910745950359,0.0831457161678334
2,0.185442536583219,0.140441788842719,0.232837679659654,0.180644587249793,0.155106675255282,0.0935381023436807,3,0.201026380922983,0.138037968977695,0.284524753339245,0.100989461999152,0.0582698341749886,0.0824433366724224
2,0.20104191878639,0.128508633958191,0.238358420576436,0.156180756578362,0.136450448652208,0.0774473016842409,3,0.199058817330225,0.133392729968852,0.287309150839882,0.102301501732591,0.0599927471239802,0.0829485905485448
2,0.191576253393839,0.150365566070048,0.22104803445103,0.15473251600961,0.140335841832176,0.0664982862471034,3,0.20221934467578,0.133168926376209,0.287218732375325,0.114727155814066,0.0724223600157376,0.0887532720857447
2,0.187779867259735,0.125172851596065,0.233361581972575,0.170543992047442,0.145323893764592,0.0905867727282347,3,0.197596225197497,0.129071808690113,0.285131616541459,0.0968993588678178,0.0492645386671625,0.0837327723147031
2,0.204382778240229,0.142702444053421,0.234404612489519,0.169403439757803,0.151755607400487,0.0766934527278452,3,0.199054079003911,0.134961523165264,0.285600587742803,0.103772376911671,0.0642966809593352,0.0812616382874582
2,0.194823950578511,0.150304859885096,0.225426225870508,0.202336125969255,0.181889534808877,0.0897277974572614,3,0.202887899506914,0.137557508142977,0.289955124656734,0.103584489422787,0.0683024907060323,0.0782755458774234
2,0.197969558812417,0.146275061755692,0.229049048723186,0.193579805508315,0.167288329656173,0.0981571911515648,3,0.202404273030886,0.131705374571127,0.285596801421561,0.103139649141609,0.0583871910790721,0.0850009367063604
2,0.203196427506783,0.123084532025699,0.246876235502159,0.161758431595901,0.141998976353616,0.0790493066901199,3,0.206585064687938,0.145775139730282,0.296137425494182,0.112306515405778,0.0582813919460616,0.0961104597334667
2,0.200028176846116,0.144082053245762,0.230137872733451,0.170916909314013,0.149997589831362,0.0831309761514993,3,0.201542906109846,0.13508749968713,0.284970904687053,0.114427299643136,0.0651042435449192,0.0941945286872238
2,0.192098006937981,0.13752868561935,0.223886296529824,0.119513276855573,0.0944412547023178,0.0743273151064555,3,0.197335476784315,0.134718990381258,0.279853273888369,0.0999167274921211,0.0593270219602451,0.0805089633779715
2,0.198879930876233,0.136416466279951,0.238198135425326,0.157772230413079,0.131160279202592,0.0889565316092383,3,0.196697994858267,0.141388900094855,0.281450572241186,0.100867217307946,0.0653363508408125,0.0772391518946865
2,0.205667814855131,0.153492474764968,0.244313197046808,0.191622204198444,0.177525211685219,0.0739161785100308,3,0.196716881742719,0.129854494577499,0.288026787443016,0.0927949102196018,0.0534970038779699,0.0760447859445395
2,0.206105712860007,0.145444202507594,0.232934121547834,0.167961935301483,0.136372190411696,0.0992354566204775,3,0.200800787679247,0.138271260673332,0.292327425009383,0.100847099703523,0.0588715621514025,0.0818756401703204
2,0.195579028515207,0.136154687835005,0.234042853302208,0.171544738610093,0.156419543746475,0.07195799773028,3,0.192560834172159,0.13410729772589,0.278573610421029,0.119488613096116,0.0829545801959757,0.0854161725899335
2,0.197702172881422,0.132740643187021,0.229817816851864,0.148143984949315,0.11328854496515,0.0966862668115882,3,0.201171389819311,0.134158116268447,0.286286866958044,0.101292878433696,0.0593422177792102,0.0819528274811912
2,0.19817287147304,0.135366956269986,0.231171945555346,0.185120037278625,0.167136109915362,0.0807439234523386,3,0.195333771983012,0.128933699100064,0.279295154005997,0.0985044389710755,0.0530436634224964,0.0831846676744631
2,0.20459070478575,0.139819513476465,0.239533024677117,0.155378426397534,0.133616620790576,0.0806870124076424,3,0.199073946869612,0.131058026836964,0.289678301937863,0.103315823755083,0.0650100967410547,0.0806592467966191
2,0.197858143108516,0.148684766330199,0.230632180615816,0.139798568249266,0.122355640858507,0.0690569316378355,3,0.207233084932549,0.139995610027282,0.294949976462983,0.0995952794302493,0.0560910195617341,0.0823211809540828
2,0.200144730263015,0.134851553414624,0.232884189969954,0.168847411507108,0.151077846308247,0.0766056833397526,3,0.201611422675613,0.142373146902416,0.283467917446099,0.0969874264961353,0.0557944588133644,0.0794687361182121
2,0.180305690123351,0.137363948220322,0.222929433370097,0.150245027716143,0.127820203761554,0.0799453498075727,3,0.203055449810962,0.142604604082273,0.29329462349339,0.097544357546419,0.0589305928941476,0.0778189821543418
2,0.196757709651367,0.146226181554245,0.230564889347564,0.24676830958629,0.228530895394533,0.0936542389402944,3,0.203772548517377,0.14103106573943,0.296090449521498,0.0923702701186913,0.0556028387258889,0.0740706105605805
2,0.204586422628833,0.144445690361923,0.229898264909229,0.152408869004781,0.132408777837205,0.0766742708968596,3,0.198938507441407,0.133178780412274,0.289474728529307,0.106306470207485,0.0592453300598452,0.0883453325220656
2,0.185571769734179,0.124453067006409,0.231631211838662,0.216259439782537,0.179201682442482,0.121748789176495,3,0.198580084600412,0.130633710386844,0.289499330353269,0.111948822816813,0.0647763712780203,0.0907143454702312
2,0.185267557374988,0.144604999069718,0.217897416672976,0.138825370341292,0.115046511377077,0.0786673054551617,3,0.199341069950373,0.132698058175381,0.288607052876608,0.103707393875532,0.0585574256281041,0.0857881081488691
2,0.193210997596671,0.130770942092215,0.22638057588964,0.237955158063408,0.220054924189198,0.0911470195730523,3,0.196097063094628,0.133954738290809,0.294062839586922,0.103237019671772,0.0577706726326788,0.0860180441842201
2,0.191999558921422,0.138688174137189,0.222756654295742,0.148616806207387,0.128636821710553,0.0756453748505004,3,0.193204833096074,0.135245672899445,0.287015584210793,0.0987504732893733,0.0552380690551642,0.0815831805462244
2,0.196038834843531,0.150034138099416,0.216492409062094,0.13636891719384,0.115516780859009,0.0737170368644978,3,0.19250059999005,0.131207975104715,0.276441408463854,0.101980293271711,0.0606092140972781,0.0821564198472613
2,0.203145462157428,0.143140848656443,0.233319233533873,0.158306155231206,0.138299671409038,0.078252483835524,3,0.19680690646385,0.13127456321604,0.285526120828754,0.102356001316652,0.0532479293042505,0.0877243122109991
2,0.194519723770142,0.123614306990396,0.231990149706542,0.174924868911176,0.15923984027143,0.0738468729421648,3,0.203347938305799,0.136252995201966,0.288747752402428,0.105868172166865,0.067018779729011,0.0821820706316573
2,0.185545300163807,0.125376021083912,0.221497710929393,0.120472357033765,0.0998954366073809,0.0686889935290528,3,0.19383935843462,0.132945316387684,0.278799257139836,0.104639821883883,0.0666708227106426,0.0806841191631309
2,0.202768213942975,0.130643324388772,0.235321955773702,0.159494694712899,0.13695049877495,0.0829934487396671,3,0.202532541691142,0.137716321995398,0.287454586722472,0.103394336722952,0.069686068363529,0.0766839107563769
2,0.187388717379068,0.131395509051127,0.220571572205899,0.174519382800423,0.154272338646938,0.0827749049448176,3,0.205390294504246,0.13585076452757,0.289518180483801,0.116304804278024,0.0724642396810625,0.0916001903681558
2,0.199996077111886,0.129399906646018,0.240711895832661,0.167448657453878,0.146632706505168,0.0825600985994348,3,0.201794310230783,0.121636354790564,0.292832441799394,0.100049022063544,0.0567789697950913,0.0829141967962368
2,0.183957378767589,0.132264246763955,0.215854872472611,0.122060457786847,0.100350131581686,0.0706495857244848,3,0.197754439495899,0.130763433884585,0.282372054795541,0.0942021139244997,0.0577037745587678,0.0747091060888973
2,0.181657704010797,0.143522918387174,0.219585704012414,0.111471344165143,0.0816945220317384,0.0766372882231811,3,0.203517877949372,0.134905800888415,0.286608309504686,0.099230432981419,0.0571544695510237,0.0811859108566703
2,0.19350991818362,0.135433061887433,0.224242921068103,0.151277722742262,0.12958494313138,0.0791577563858372,3,0.196997450024696,0.134931121808573,0.289005981138301,0.100757282780596,0.0545204789575423,0.0846873081661725
2,0.196957505055088,0.143760649634913,0.224247630907243,0.172081489371779,0.156660834902597,0.0725188575644772,3,0.197261596613628,0.133508648277602,0.283057123950936,0.103818503838077,0.0562343961816388,0.0872961212013284
2,0.193528268785781,0.137313858202989,0.218167723874806,0.138601002246114,0.119253832497152,0.0716649887480037,3,0.204744572226447,0.135889457191716,0.297308211627641,0.107581581120952,0.0638754976872662,0.0863151663261524
2,0.19331446542427,0.142001127032112,0.224262699503954,0.127378229215935,0.105380525635465,0.0729140795481192,3,0.193564014427382,0.132926009470899,0.277428500778509,0.0987258891722291,0.0561194367820607,0.0815962457935435
2,0.19974206508217,0.130119063438849,0.23765703513705,0.181473380278237,0.163325289095898,0.0804198807643614,3,0.191765100956005,0.130913108683016,0.276797773604104,0.100895004058685,0.0612804139987366,0.0804158051574429
2,0.197592719107517,0.156440427531083,0.233920396256272,0.157525609010994,0.125045627837189,0.0967866138506673,3,0.195637935841304,0.134980734174063,0.280558749150645,0.102785128902983,0.0595861695357924,0.084171646124544
2,0.179967454039019,0.122136693337563,0.227704764475487,0.218339200702387,0.187713624771573,0.11207217972,3,0.197152256933646,0.131448680894796,0.277722384972388,0.108822506906042,0.0658392708180406,0.086804926999292
2,0.190054011128722,0.140601199177707,0.222692446925728,0.169316291579275,0.150080596786932,0.0796432825285416,3,0.20235674646132,0.134331634769029,0.289746954559695,0.110441346145462,0.0740960403347741,0.0819978990491522
2,0.196594441736789,0.136209912338445,0.236097003959605,0.163165449225164,0.144043574147047,0.078156574430357,3,0.199873609338445,0.132164856135501,0.285366869077537,0.0951895547292019,0.0565480362532635,0.0765587545061757
2,0.171145288687776,0.119893317300928,0.210302071034873,0.309923796042126,0.261193461159784,0.166012652719252,3,0.203325915641646,0.136550102675369,0.289732165043934,0.108747063834872,0.0651963235082866,0.0868861457216333
2,0.19181790054126,0.125693619196594,0.234690919222859,0.190087826707189,0.159768930481013,0.104194854553759,3,0.207395216144922,0.133741142892085,0.305152185136703,0.109358573221022,0.0577634124018254,0.0926903404971223
2,0.194070185185235,0.146541167457182,0.218059122432266,0.187820602144091,0.172641279880267,0.0748010526175337,3,0.19660140515452,0.132974450141502,0.287420309468028,0.107514705954672,0.0654825018689509,0.0854754525456103
2,0.199967979079494,0.139435708264905,0.234637375180923,0.174424985357073,0.151810693626881,0.087271987747311,3,0.20250330570033,0.128773245124257,0.281880341536763,0.106100623801055,0.0624290784794052,0.085957040237882
2,0.194224831273703,0.137590730959394,0.222912871685753,0.173094834518967,0.155027103613821,0.0783174232099637,3,0.191077845879089,0.128840431431101,0.285734416387073,0.102626158286887,0.0619989603305782,0.0818589417991151
2,0.184263159586731,0.119490940811526,0.224496894115437,0.17204722561513,0.144611370944535,0.0945030924283183,3,0.203283248278859,0.136531025945708,0.286835494383144,0.0995373999417974,0.064348167355962,0.0763678228573977
2,0.194615895656311,0.135491988266404,0.237296770532217,0.207063696868436,0.184380860861311,0.0949115238978267,3,0.202992630911362,0.1293901753291,0.292253407832071,0.108422006360631,0.0597245709153654,0.0903800348812321
2,0.194298732954247,0.132495987050418,0.240773660124589,0.141763527689131,0.116599501585416,0.0819438090719997,3,0.199344976970444,0.129076116537886,0.294656771895718,0.101241343945366,0.0591249251667813,0.082301812849387
2,0.197058530684723,0.136219508027315,0.230629193634573,0.136246218761067,0.111654962204673,0.0794341400631146,3,0.196944860770294,0.128345656651055,0.283038432924682,0.0998682271485209,0.0572178298313081,0.0816331383582798
2,0.20396713000429,0.139948695983492,0.240059107691569,0.208176469343755,0.185077744101184,0.0962074600931068,3,0.20385380516404,0.141165486322358,0.294530011350001,0.101488597047456,0.0570986322372034,0.0835363221316472
2,0.195423403489902,0.132111080355391,0.238112716412554,0.141575695801186,0.121499086383853,0.0741035274358249,3,0.199659888350128,0.131833448515614,0.288686365773071,0.105408891832567,0.0590370434299903,0.0872779305428487
2,0.197356487537501,0.140136289062695,0.230512589966523,0.165275482913962,0.147714629519993,0.0754956317063642,3,0.195612709841757,0.13273668732488,0.287242295566212,0.115866501274775,0.063450396617738,0.0965485064340533
2,0.204923705029766,0.134461504878493,0.241156059826386,0.138018292048056,0.114639632943405,0.0783111563458814,3,0.194067786689055,0.128765300855015,0.284954137989037,0.101329976748863,0.0657074185933528,0.0775850472526433
2,0.194352015087864,0.131178293514103,0.227731884601996,0.200249053240668,0.17163685758111,0.103917063754113,3,0.204459779224729,0.138617323285584,0.291177986950123,0.109727323900339,0.0604375882584977,0.0914717957256548
2,0.197657132824616,0.130098929651662,0.234755463011503,0.168232041807811,0.149531881849071,0.0782003228307574,3,0.194966452991148,0.130163321662444,0.283392035891817,0.118037818858245,0.0581463066635903,0.102976554143154
2,0.185683685337432,0.122147400346585,0.221629592171191,0.173898816726967,0.158949367011382,0.0721214489783356,3,0.200576784987421,0.136425679491654,0.289433570881522,0.0926583272870117,0.0543951833534718,0.0750821679709283
2,0.185687752989554,0.123943001871166,0.219846996791446,0.162838837579885,0.142103759947377,0.0807652665073938,3,0.195964559198789,0.13371127598172,0.288388164492985,0.103229248762571,0.0562110578645806,0.0869701786352725
2,0.190744889919891,0.132643164378081,0.215080141481264,0.201843923136008,0.184056397097973,0.0839305364826362,3,0.201093601025865,0.134163751245419,0.281672632509458,0.0995085900619275,0.0543965287552637,0.0835007513470835
2,0.191172658081604,0.136228097315267,0.222093234108939,0.18659146412776,0.155129513018239,0.104709163378616,3,0.20311549993318,0.137489906945199,0.288098767083143,0.0993095894765372,0.0593113414627368,0.0796975301505469
2,0.174334519666639,0.134761925877335,0.209948158461477,0.128106286631508,0.100597701241702,0.08019829407323,3,0.207145402506263,0.139092223059383,0.302447320811499,0.107394257598897,0.0654774853118441,0.0848946080127358
2,0.19664726753831,0.153451528528135,0.225640001549345,0.192083588332154,0.162342040568615,0.103516864682195,3,0.196390345594353,0.133261770553767,0.285526499731607,0.108676802230315,0.0691809003173997,0.0839980719218257
2,0.194219306658652,0.141471662233375,0.226371581737636,0.139416593900939,0.120003701457801,0.0722469776603962,3,0.200899262718686,0.132191938471474,0.283945810668497,0.101917301365789,0.0606494425584723,0.0821331512912899
2,0.188436478024179,0.141547799276767,0.2241945938593,0.151162144938389,0.115128854144003,0.0989319273258072,3,0.201481386326666,0.134221196644919,0.286700456530092,0.100474369891285,0.0600606090895118,0.080357139575256
2,0.203244079064174,0.143281074777977,0.242473579364209,0.191671395490785,0.17591554366036,0.0776515792291264,3,0.193948657602036,0.128013136698186,0.283518345412279,0.103988881665026,0.0602403477062461,0.0849901270667111
2,0.208397362570694,0.137213375390396,0.243011499877259,0.176517779904714,0.157139347335935,0.0817502914859291,3,0.200628142440586,0.134520247760239,0.291151375325786,0.0965018184428976,0.0577913175288664,0.0771687705931221
2,0.185297019243603,0.127059687942819,0.222564412101456,0.139764037099922,0.123994701762322,0.0659338145539455,3,0.196877131276067,0.128459153846219,0.284642960759914,0.0989578659965915,0.0571361981408022,0.0807353250180652
2,0.205907253223167,0.135877428056941,0.238829312903949,0.201716722278432,0.188565928907858,0.0733284189938373,3,0.202748051270398,0.129629412241088,0.288980364378968,0.0998301483885843,0.060095856037817,0.0796768575404307
2,0.178064364722475,0.146061222948126,0.207931915647121,0.171934837863146,0.145717507220252,0.0921037466468958,3,0.196544483244133,0.130793383603788,0.289296429176439,0.104651450491078,0.0583689217091225,0.0874998483181655
2,0.177400909693131,0.117245703633311,0.221733069860909,0.174158027656565,0.123301379165381,0.124009945871165,3,0.204787075542758,0.134555093436672,0.295854414083986,0.0984585400885543,0.0558905868992562,0.0813920638344763
2,0.207944969046913,0.142512188881386,0.245243311442153,0.172479685835852,0.153524829136578,0.0802209952989944,3,0.201037089624386,0.141021708986915,0.29007057933319,0.100660618436908,0.0586682226212005,0.0818559467320357
2,0.18778904100184,0.132160587602131,0.224645259937574,0.24077704894627,0.202845016901105,0.129905145011875,3,0.195607142570251,0.135934670289139,0.280362939808765,0.0947805675200704,0.0588615201751462,0.0746873855474543
2,0.178265701094964,0.131194232749916,0.203742351008343,0.123474190926342,0.0971033752523317,0.0771941678457284,3,0.206595814343155,0.13512040336672,0.292947034486201,0.107675204248304,0.06654534325377,0.0847163271965287
2,0.19686111083014,0.123157534552247,0.236989215372772,0.188485568753812,0.164758003847865,0.0927860216173672,3,0.199852662876967,0.132054031543576,0.284061313246133,0.118134876971916,0.0751068429984437,0.0909150097640373
2,0.198502693332987,0.14003629696841,0.238996546399411,0.1666413444916,0.150655405381121,0.0727273154912644,3,0.198451978621244,0.133003730436049,0.27936810568711,0.103835477276278,0.0599457279694562,0.0850988079202279
2,0.210967777032218,0.139334800299949,0.258457634882393,0.226433970797265,0.202293794493955,0.103128658700653,3,0.199115882784477,0.133871246519307,0.284866471138537,0.0967965832820362,0.0576295155279463,0.0777021397935164
2,0.186476970964035,0.13634336063452,0.210581711848626,0.112852024624038,0.0845649844298443,0.0756948263101384,3,0.200161239178184,0.134322594663383,0.292684410373586,0.102832803091512,0.0639740751328537,0.0805063734275757
2,0.183414791677648,0.135698911611837,0.223647794125076,0.200257804948346,0.183210929720397,0.0818375184142934,3,0.19871163789456,0.131716930897361,0.283637239688142,0.102556745313214,0.062421049381481,0.0817086183825718
2,0.183881988737442,0.133311627177504,0.221436693053295,0.14422680160644,0.124771092274852,0.0736055880845609,3,0.198905931019555,0.134766711741579,0.289977212820778,0.11820167344964,0.076227448756113,0.090312161644112
2,0.214539996598973,0.146139373680702,0.253846578072049,0.179824959504222,0.164933249080641,0.0736357526069931,3,0.198798462973974,0.132933810846704,0.290925024947619,0.103460090431898,0.0570213149250682,0.0864308112772079
2,0.193981408667066,0.140306208922648,0.230320796745129,0.195179211543548,0.174395983579326,0.0882771742939022,3,0.196502487594438,0.131789824914452,0.288063126804128,0.0950946193087673,0.0500282864364203,0.0811191194656696
2,0.195316231043158,0.134591714750053,0.228798411266647,0.139432516459209,0.106236841578912,0.0914034307155074,3,0.19593251289782,0.134793110708773,0.282100699384751,0.0949017115953029,0.0578262277908331,0.075972215015205
2,0.196399756866248,0.133582810387173,0.226453237526327,0.181821070173163,0.165176078698218,0.0771359326361844,3,0.201366674856089,0.140352645109717,0.287839373625516,0.101621840876601,0.0650060628869868,0.078373839538972
2,0.193345105622742,0.141983917656308,0.229724153335545,0.133540361455095,0.0995622218029309,0.0902678698628298,3,0.197784889285331,0.134753253561957,0.287953710925929,0.101035769682251,0.060761408023881,0.0811721251567633
2,0.193277873159895,0.124641966121281,0.229607878881535,0.146805966304019,0.125921087804534,0.0771682153158065,3,0.203645599600103,0.133633607115747,0.285973964766133,0.103995671304759,0.0590521179855635,0.0858716836159082
2,0.170753029116728,0.124487551544106,0.2147714607251,0.150129813285801,0.123104329250153,0.0871112827891226,3,0.194045336056945,0.125735323859176,0.281281260713319,0.0981187702613525,0.0579105987793054,0.0792388950509219
2,0.19453115831245,0.135518682291128,0.231516434211491,0.172019636618953,0.152099201628443,0.0816728445087964,3,0.198482930357067,0.136927954594829,0.277633041076891,0.104804709404742,0.0634496929210374,0.083349985184588
2,0.18807188511417,0.15012987199687,0.21672860618744,0.114770814725719,0.087733600267128,0.0752869394830181,3,0.19694715362993,0.12915459218985,0.290712070355763,0.106658717815073,0.0644523858591929,0.0852965059830355
2,0.202141522241773,0.149858261329846,0.225128632046282,0.194345115956404,0.173818211976413,0.0879787432171841,3,0.192111700062707,0.131429555265782,0.283416958887106,0.102596436949845,0.0645954730361983,0.0794409288782816
2,0.169407066444575,0.126871221205135,0.217952138675585,0.105428522466128,0.0661596274180934,0.0831897498704184,3,0.193036879689139,0.133255692178675,0.272239427335352,0.096222019493135,0.0587051780430188,0.0762773593778096
2,0.196596631998382,0.128181837209344,0.243192299295151,0.170615319288285,0.155878426893237,0.0712617138376933,3,0.194736786260473,0.133630763415456,0.279929772343984,0.103177363716504,0.0670241749835,0.0783128438721001
2,0.179535971286237,0.137215461667536,0.221490111107763,0.116414029355267,0.0898828109759998,0.0749924277850312,3,0.198340801853424,0.1312858653182,0.282651964647054,0.103406765629064,0.0563170684610932,0.0869725471932125
2,0.202415329158841,0.14080481698382,0.23105257098949,0.188483662521434,0.167023582129461,0.0886877492743704,3,0.204739283957555,0.141055025262398,0.291116089917952,0.107278062641081,0.0685466708648241,0.0825698315626651
2,0.200735981415409,0.129280986509216,0.237581190092209,0.170376761948973,0.155777726125962,0.0702923984853943,3,0.199121594118759,0.129261717926823,0.290840157123398,0.104003918012296,0.0611010043927788,0.0842266929333994
2,0.171240049811799,0.118329521667627,0.214064152022695,0.115393668330078,0.0889296577065624,0.0747688471727126,3,0.203727387881443,0.136055590617823,0.29095641437027,0.10224008037304,0.0533195919566717,0.087580273584366
2,0.200245197125766,0.130520096360721,0.222547706284191,0.16454912066313,0.12906630230213,0.102962789189284,3,0.198979252238889,0.141985288072573,0.282955278106097,0.103481281669375,0.0640068605768736,0.0814685706558596
2,0.191039128270822,0.141623509998897,0.226334286318335,0.14336725133462,0.118250328200486,0.0822271509863586,3,0.199086131212024,0.138465003288029,0.290709505137682,0.107634800563094,0.0645219639555569,0.0861016125742851
2,0.194756542584685,0.136534903714604,0.224842313977645,0.185456788228864,0.164683894782658,0.0863989369715665,3,0.200671380729062,0.132551885532504,0.28374688228604,0.10278152388069,0.0590029391599482,0.0841564853461501
2,0.197690713954886,0.137655518574765,0.231244828778645,0.16960615856005,0.150617657234105,0.0793982306182253,3,0.191838735581744,0.125068220324101,0.273253223694547,0.100086924967161,0.0589807032563989,0.080853906032846
2,0.192124626102835,0.12857509708961,0.225858250403316,0.165107652742361,0.151683946148235,0.0671346615207744,3,0.190702939136127,0.134164753431649,0.285616211115521,0.0979737753323768,0.0543082082227642,0.0817571567884872
2,0.199558340556594,0.14840019316907,0.239140650327747,0.170417427169209,0.148354987391313,0.0849072665967947,3,0.19978423235783,0.128897324163542,0.282709560667502,0.104130666776096,0.0622572514775245,0.0838640903383248
2,0.192059405988284,0.127166783146905,0.220700810922632,0.185895721275803,0.170453196751017,0.0753601818444657,3,0.205527761346526,0.131585480008395,0.292066520796046,0.105468570827542,0.0576004912087658,0.0884300057269777
2,0.178154388383929,0.12090268946222,0.224139075596749,0.159983624908519,0.13055805062276,0.0934657568538803,3,0.209597064101973,0.141304674933513,0.303043329203941,0.0993535611324095,0.0560951210531155,0.0819689718945044
2,0.183281953578965,0.136188257588759,0.233091732765225,0.129833294982717,0.102927655839527,0.080479636994198,3,0.197381751647979,0.129795819612661,0.288999596791393,0.112717468329257,0.0626559972938602,0.0940614398142083
2,0.199661543298076,0.130094615950129,0.236772859609091,0.137537062132201,0.116809371296898,0.0742022143606861,3,0.204657921482797,0.136177094622983,0.291706704524572,0.112819989122211,0.0738425637031318,0.0857373670157416
2,0.197446027674472,0.148187859850444,0.231540163600685,0.180700397782606,0.147909367810903,0.104766154394611,3,0.195095122839011,0.130531657687885,0.277623328365164,0.107270778652342,0.0679448800750037,0.0830525050709102
2,0.202556255399715,0.146572552911093,0.227358987131349,0.180409871622114,0.164986716314942,0.0740691490821246,3,0.187981393270525,0.12411083283367,0.282248304611807,0.103063282332813,0.0501212568060925,0.0901448741429613
